title,replacement_cost,total_rev,roi_percentage,Roi_status
"TITANS JERK",11.99,201.71,1582.32,"High ROI"
"MAIDEN HOME",9.99,163.76,1539.24,"High ROI"
"VIDEOTAPE ARSENIC",10.99,178.71,1526.11,"High ROI"
"STING PERSONAL",9.99,159.79,1499.50,"High ROI"
"WITCHES PANIC",10.99,173.70,1480.53,"High ROI"
"FELLOWSHIP AUTUMN",9.99,149.74,1398.90,"High ROI"
"KISSING DOLLS",9.99,147.80,1379.48,"High ROI"
"BOOGIE AMELIE",11.99,163.70,1265.30,"High ROI"
"CLOSER BANG",12.99,172.72,1229.64,"High ROI"
"HEARTBREAKERS BRIGHT",9.99,132.80,1229.33,"High ROI"
"METROPOLIS COMA",9.99,131.74,1218.72,"High ROI"
"COMA HEAD",10.99,137.74,1153.32,"High ROI"
"STREETCAR INTENTIONS",11.99,148.75,1140.62,"High ROI"
"SCALAWAG DUCK",13.99,172.68,1134.31,"High ROI"
"TRUMAN CRAZY",9.99,121.77,1118.92,"High ROI"
"CAT CONEHEADS",14.99,181.70,1112.14,"High ROI"
"VELVET TERMINATOR",14.99,177.74,1085.72,"High ROI"
"MINE TITANS",12.99,153.81,1084.06,"High ROI"
"CONFIDENTIAL INTERVIEW",13.99,164.71,1077.34,"High ROI"
"EASY GLADIATOR",12.99,150.77,1060.66,"High ROI"
"FIDELITY DEVIL",11.99,138.79,1057.55,"High ROI"
"NAME DETECTIVE",11.99,136.77,1040.70,"High ROI"
"SUIT WALLS",12.99,147.79,1037.72,"High ROI"
"YENTL IDAHO",11.99,135.77,1032.36,"High ROI"
"ZORRO ARK",18.99,214.69,1030.54,"High ROI"
"FLINTSTONES HAPPINESS",11.99,134.83,1024.52,"High ROI"
"WHALE BIKINI",11.99,134.82,1024.44,"High ROI"
"DUDE BLINDNESS",9.99,110.84,1009.51,"High ROI"
"KISS GLORY",11.99,132.78,1007.42,"High ROI"
"TELEGRAPH VOYAGE",20.99,231.73,1004.00,"High ROI"
"CENTER DINOSAUR",12.99,137.76,960.51,"High ROI"
"TRAP GUYS",11.99,126.84,957.88,"High ROI"
"MASSACRE USUAL",16.99,179.70,957.68,"High ROI"
"SABRINA MIDNIGHT",11.99,126.79,957.46,"High ROI"
"CONEHEADS SMOOCHY",12.99,136.75,952.73,"High ROI"
"PULP BEVERLY",12.99,136.70,952.35,"High ROI"
"DOGMA FAMILY",16.99,178.70,951.80,"High ROI"
"APACHE DIVINE",16.99,178.69,951.74,"High ROI"
"PELICAN COMFORTS",17.99,188.74,949.14,"High ROI"
"STEPMOM DREAM",9.99,104.80,949.05,"High ROI"
"HARRY IDAHO",18.99,195.70,930.54,"High ROI"
"SECRETARY ROUGE",10.99,112.82,926.57,"High ROI"
"EAGLES PANKY",14.99,152.78,919.21,"High ROI"
"JASON TRAP",9.99,100.76,908.61,"High ROI"
"SCARFACE BANG",11.99,120.82,907.67,"High ROI"
"ROAD ROXANNE",12.99,130.81,907.01,"High ROI"
"ATTRACTION NEWTON",14.99,146.76,879.05,"Mediam ROI"
"SECRET GROUNDHOG",11.99,116.79,874.06,"Mediam ROI"
"TRIP NEWTON",14.99,145.72,872.11,"Mediam ROI"
"GIANT TROOPERS",10.99,106.72,871.06,"Mediam ROI"
"DURHAM PANKY",14.99,144.74,865.58,"Mediam ROI"
"DAISY MENAGERIE",9.99,95.84,859.36,"Mediam ROI"
"SLEEPING SUSPECTS",13.99,131.76,841.82,"Mediam ROI"
"SLEEPLESS MONSOON",12.99,121.80,837.64,"Mediam ROI"
"AMERICAN CIRCUS",17.99,167.78,832.63,"Mediam ROI"
"EDGE KISSING",9.99,92.85,829.43,"Mediam ROI"
"TELEMARK HEARTBREAKERS",9.99,91.75,818.42,"Mediam ROI"
"GOODFELLAS SALUTE",22.99,209.69,812.09,"Mediam ROI"
"BALLOON HOMEWARD",10.99,98.77,798.73,"Mediam ROI"
"PLUTO OLEANDER",9.99,88.84,789.29,"Mediam ROI"
"STEEL SANTA",15.99,141.77,786.62,"Mediam ROI"
"TIMBERLAND SKY",13.99,123.69,784.13,"Mediam ROI"
"CANDIDATE PERDITION",10.99,96.81,780.89,"Mediam ROI"
"HYDE DOCTOR",11.99,104.73,773.48,"Mediam ROI"
"STAR OPERATION",9.99,86.79,768.77,"Mediam ROI"
"SEATTLE EXPECATIONS",18.99,163.75,762.30,"Mediam ROI"
"SUNRISE LEAGUE",19.99,170.76,754.23,"Mediam ROI"
"WAIT CIDER",9.99,83.79,738.74,"Mediam ROI"
"HUSTLER PARTY",22.99,190.78,729.84,"Mediam ROI"
"GALAXY SWEETHEARTS",13.99,115.82,727.88,"Mediam ROI"
"ALIEN CENTER",10.99,90.78,726.02,"Mediam ROI"
"LIAISONS SWEET",15.99,131.78,724.14,"Mediam ROI"
"PATHS CONTROL",9.99,81.90,719.82,"Mediam ROI"
"TROJAN TOMORROW",9.99,81.80,718.82,"Mediam ROI"
"TITANIC BOONDOCK",18.99,154.77,715.01,"Mediam ROI"
"CLUELESS BUCKET",13.99,112.75,705.93,"Mediam ROI"
"CANDLES GRAPES",15.99,128.77,705.32,"Mediam ROI"
"WIFE TURN",27.99,223.69,699.18,"Mediam ROI"
"SNATCH SLIPPER",15.99,127.78,699.12,"Mediam ROI"
"INVASION CYCLONE",12.99,103.73,698.54,"Mediam ROI"
"LADY STAGE",14.99,118.83,692.73,"Mediam ROI"
"SUPER WYOMING",10.99,86.87,690.45,"Mediam ROI"
"VIRTUAL SPOILERS",14.99,117.86,686.26,"Mediam ROI"
"MODEL FISH",11.99,93.85,682.74,"Mediam ROI"
"CONTACT ANONYMOUS",10.99,85.74,680.16,"Mediam ROI"
"JERK PAYCHECK",13.99,107.80,670.55,"Mediam ROI"
"MILLION ACE",16.99,130.80,669.86,"Mediam ROI"
"PITY BOUND",19.99,153.74,669.08,"Mediam ROI"
"IGBY MAKER",12.99,99.81,668.36,"Mediam ROI"
"SILVERADO GOLDFINGER",11.99,91.88,666.31,"Mediam ROI"
"CONVERSATION DOWNHILL",14.99,114.83,666.04,"Mediam ROI"
"CAUSE DATE",16.99,128.79,658.03,"Mediam ROI"
"HOLIDAY GAMES",10.99,82.85,653.87,"Mediam ROI"
"ENEMY ODDS",23.99,180.71,653.27,"Mediam ROI"
"WIZARD COLDBLOODED",12.99,97.84,653.19,"Mediam ROI"
"CHICAGO NORTH",11.99,89.84,649.29,"Mediam ROI"
"ANGELS LIFE",15.99,119.78,649.09,"Mediam ROI"
"TOURIST PELICAN",18.99,141.78,646.60,"Mediam ROI"
"DRIFTER COMMANDMENTS",18.99,141.76,646.50,"Mediam ROI"
"WONDERLAND CHRISTMAS",19.99,148.78,644.27,"Mediam ROI"
"DETAILS PACKER",17.99,133.81,643.80,"Mediam ROI"
"MEMENTO ZOOLANDER",11.99,88.87,641.20,"Mediam ROI"
"THIN SAGEBRUSH",9.99,73.89,639.64,"Mediam ROI"
"JET NEIGHBORS",14.99,109.80,632.49,"Mediam ROI"
"PREJUDICE OLEANDER",15.99,115.80,624.20,"Mediam ROI"
"INTERVIEW LIAISONS",17.99,128.80,615.95,"Mediam ROI"
"ROSES TREASURE",23.99,171.72,615.80,"Mediam ROI"
"HURRICANE AFFAIR",11.99,85.76,615.26,"Mediam ROI"
"BRIGHT ENCOUNTERS",12.99,92.87,614.93,"Mediam ROI"
"WORKING MICROCOSMOS",22.99,163.75,612.27,"Mediam ROI"
"SOMETHING DUCK",17.99,127.81,610.45,"Mediam ROI"
"INNOCENT USUAL",26.99,191.74,610.41,"Mediam ROI"
"TORQUE BOUND",27.99,198.72,609.97,"Mediam ROI"
"MURDER ANTITRUST",11.99,84.77,607.01,"Mediam ROI"
"HALL CASSIDY",13.99,98.84,606.50,"Mediam ROI"
"SATURDAY LAMBS",28.99,204.72,606.17,"Mediam ROI"
"BLACKOUT PRIVATE",12.99,91.73,606.16,"Mediam ROI"
"SWEETHEARTS SUSPECTS",13.99,98.71,605.58,"Mediam ROI"
"AGENT TRUMAN",17.99,126.79,604.78,"Mediam ROI"
"SCORPION APOLLO",23.99,168.77,603.50,"Mediam ROI"
"FOOL MOCKINGBIRD",24.99,175.77,603.36,"Mediam ROI"
"BIRDS PERDITION",15.99,111.82,599.31,"Mediam ROI"
"PHILADELPHIA WIFE",16.99,118.78,599.12,"Mediam ROI"
"RANGE MOONWALKER",25.99,179.73,591.54,"Mediam ROI"
"DEER VIRGINIAN",13.99,96.72,591.35,"Mediam ROI"
"GUNFIGHTER MUSSOLINI",9.99,68.88,589.49,"Mediam ROI"
"BUTTERFLY CHOCOLAT",17.99,123.70,587.60,"Mediam ROI"
"MOONWALKER FOOL",12.99,88.87,584.14,"Mediam ROI"
"SHOW LORD",24.99,170.75,583.27,"Mediam ROI"
"WATERFRONT DELIVERANCE",17.99,121.83,577.21,"Mediam ROI"
"SPY MILE",13.99,94.73,577.13,"Mediam ROI"
"OPEN AFRICAN",16.99,113.79,569.75,"Mediam ROI"
"OPPOSITE NECKLACE",9.99,66.87,569.37,"Mediam ROI"
"VAMPIRE WHALE",11.99,79.88,566.22,"Mediam ROI"
"CONQUERER NUTS",14.99,99.84,566.04,"Mediam ROI"
"SONS INTERVIEW",11.99,79.84,565.89,"Mediam ROI"
"CLASH FREDDY",12.99,85.75,560.12,"Mediam ROI"
"NORTH TEQUILA",9.99,65.89,559.56,"Mediam ROI"
"GARDEN ISLAND",21.99,144.80,558.48,"Mediam ROI"
"DORADO NOTTING",26.99,176.73,554.80,"Mediam ROI"
"NIGHTMARE CHILL",25.99,169.75,553.14,"Mediam ROI"
"EXPENDABLE STALLION",14.99,97.72,551.90,"Mediam ROI"
"MINDS TRUMAN",22.99,149.80,551.59,"Mediam ROI"
"DAY UNFAITHFUL",16.99,109.86,546.62,"Mediam ROI"
"DEVIL DESIRE",12.99,83.85,545.50,"Mediam ROI"
"BUCKET BROTHERHOOD",27.99,180.66,545.44,"Mediam ROI"
"JUGGLER HARDLY",14.99,96.68,544.96,"Mediam ROI"
"TURN STAR",10.99,70.86,544.77,"Mediam ROI"
"AMISTAD MIDSUMMER",10.99,70.79,544.13,"Mediam ROI"
"AIRPORT POLLOCK",15.99,102.82,543.03,"Mediam ROI"
"TRADING PINOCCHIO",22.99,147.75,542.67,"Mediam ROI"
"MADISON TRAP",11.99,76.85,540.95,"Mediam ROI"
"LOLA AGENT",24.99,159.76,539.30,"Mediam ROI"
"OZ LIAISONS",14.99,95.76,538.83,"Mediam ROI"
"FORRESTER COMANCHEROS",22.99,146.73,538.23,"Mediam ROI"
"ARTIST COLDBLOODED",10.99,69.84,535.49,"Mediam ROI"
"BACKLASH UNDEFEATED",24.99,158.81,535.49,"Mediam ROI"
"RAGE GAMES",18.99,119.81,530.91,"Mediam ROI"
"GHOST GROUNDHOG",18.99,119.79,530.81,"Mediam ROI"
"CIDER DESIRE",9.99,62.81,528.73,"Mediam ROI"
"DARN FORRESTER",14.99,93.82,525.88,"Mediam ROI"
"IMPOSSIBLE PREJUDICE",11.99,74.86,524.35,"Mediam ROI"
"SHOCK CABIN",15.99,99.70,523.51,"Mediam ROI"
"MONEY HAROLD",17.99,111.80,521.46,"Mediam ROI"
"CALENDAR GUNFIGHT",22.99,141.79,516.75,"Mediam ROI"
"CHANCE RESURRECTION",22.99,141.73,516.49,"Mediam ROI"
"PARADISE SABRINA",12.99,79.82,514.47,"Mediam ROI"
"SECRETS PARADISE",24.99,152.80,511.44,"Mediam ROI"
"ANACONDA CONFESSIONS",9.99,60.79,508.51,"Mediam ROI"
"PINOCCHIO SIMON",21.99,133.80,508.46,"Mediam ROI"
"EGYPT TENENBAUMS",11.99,72.83,507.42,"Mediam ROI"
"WHISPERER GIANT",24.99,151.78,507.36,"Mediam ROI"
"AUTUMN CROW",13.99,84.89,506.79,"Mediam ROI"
"ROCKY WAR",17.99,107.84,499.44,"Mediam ROI"
"HANGING DEEP",18.99,113.81,499.32,"Mediam ROI"
"LONELY ELEPHANT",12.99,77.85,499.31,"Mediam ROI"
"EYES DRIVING",13.99,83.81,499.07,"Mediam ROI"
"STAGECOACH ARMAGEDDON",25.99,154.74,495.38,"Mediam ROI"
"QUEEN LUKE",22.99,136.78,494.95,"Mediam ROI"
"DARKO DORADO",13.99,82.89,492.49,"Mediam ROI"
"WORDS HUNTER",13.99,82.84,492.14,"Mediam ROI"
"STRANGER STRANGERS",12.99,75.89,484.22,"Mediam ROI"
"DRIVER ANNIE",11.99,69.82,482.32,"Mediam ROI"
"SUSPECTS QUILLS",22.99,133.70,481.56,"Mediam ROI"
"OCTOBER SUBMARINE",10.99,63.89,481.35,"Mediam ROI"
"JAWS HARRY",10.99,63.86,481.07,"Mediam ROI"
"FALCON VOLUME",21.99,127.77,481.04,"Mediam ROI"
"BREAKFAST GOLDFINGER",18.99,109.83,478.36,"Mediam ROI"
"TYCOON GATHERING",17.99,103.88,477.43,"Mediam ROI"
"FREDDY STORM",21.99,126.77,476.49,"Mediam ROI"
"BINGO TALENTED",22.99,131.71,472.90,"Mediam ROI"
"GASLIGHT CRUSADE",10.99,62.84,471.79,"Mediam ROI"
"WRONG BEHAVIOR",10.99,62.80,471.43,"Mediam ROI"
"FERRIS MOTHER",13.99,79.83,470.62,"Mediam ROI"
"TROUBLE DATE",13.99,79.78,470.26,"Mediam ROI"
"INTENTIONS EMPIRE",13.99,78.83,463.47,"Mediam ROI"
"KICK SAVANNAH",10.99,61.80,462.33,"Mediam ROI"
"MIDSUMMER GROUNDHOG",27.99,156.78,460.13,"Mediam ROI"
"SWEDEN SHINING",19.99,111.81,459.33,"Mediam ROI"
"PURPLE MOVIE",9.99,55.87,459.26,"Mediam ROI"
"NETWORK PEAK",23.99,133.69,457.27,"Mediam ROI"
"BOILED DARES",13.99,77.85,456.47,"Mediam ROI"
"PANKY SUBMARINE",19.99,110.85,454.53,"Mediam ROI"
"SWARM GOLD",12.99,71.73,452.19,"Mediam ROI"
"FORREST SONS",15.99,87.82,449.22,"Mediam ROI"
"ATLANTIS CAUSE",15.99,87.76,448.84,"Mediam ROI"
"FROST HEAD",13.99,76.70,448.25,"Mediam ROI"
"ENGLISH BULWORTH",18.99,103.70,446.08,"Mediam ROI"
"MOONSHINE CABIN",25.99,141.79,445.56,"Mediam ROI"
"WEDDING APOLLO",14.99,81.76,445.43,"Mediam ROI"
"REDEMPTION COMFORTS",20.99,113.80,442.16,"Mediam ROI"
"STRANGERS GRAFFITI",22.99,123.83,438.63,"Mediam ROI"
"DOORS PRESIDENT",22.99,123.81,438.54,"Mediam ROI"
"SUN CONFESSIONS",9.99,53.75,438.04,"Mediam ROI"
"TRAINSPOTTING STRANGERS",10.99,58.89,435.85,"Mediam ROI"
"HOUSE DYNAMITE",13.99,74.77,434.45,"Mediam ROI"
"BOULEVARD MOB",11.99,63.82,432.28,"Mediam ROI"
"BROOKLYN DESERT",21.99,116.79,431.11,"Mediam ROI"
"KNOCK WARLOCK",21.99,116.76,430.97,"Mediam ROI"
"NOON PAPI",12.99,68.83,429.87,"Mediam ROI"
"DOOM DANCING",13.99,73.79,427.45,"Mediam ROI"
"ALADDIN CALENDAR",24.99,131.77,427.29,"Mediam ROI"
"HEAD STRANGER",28.99,152.78,427.01,"Mediam ROI"
"BEVERLY OUTLAW",21.99,115.79,426.56,"Mediam ROI"
"DRIVING POLISH",21.99,115.79,426.56,"Mediam ROI"
"GLEAMING JAWBREAKER",25.99,136.70,425.97,"Mediam ROI"
"CAROL TEXAS",15.99,83.82,424.20,"Mediam ROI"
"SHAWSHANK BUBBLE",20.99,109.81,423.15,"Mediam ROI"
"BILL OTHERS",12.99,67.81,422.02,"Mediam ROI"
"WASH HEAVENLY",22.99,119.77,420.97,"Mediam ROI"
"MOVIE SHAKESPEARE",27.99,145.74,420.69,"Mediam ROI"
"DRAGONFLY STRANGERS",19.99,103.82,419.36,"Mediam ROI"
"MUSKETEERS WAIT",17.99,92.83,416.01,"Mediam ROI"
"BEAR GRACELAND",20.99,107.78,413.48,"Mediam ROI"
"LIES TREATMENT",28.99,147.73,409.59,"Mediam ROI"
"RULES HUMAN",19.99,101.84,409.45,"Mediam ROI"
"TEMPLE ATTRACTION",13.99,70.88,406.65,"Mediam ROI"
"ANTHEM LUKE",16.99,85.85,405.30,"Mediam ROI"
"STEERS ARMAGEDDON",16.99,85.85,405.30,"Mediam ROI"
"INCH JET",18.99,95.82,404.58,"Mediam ROI"
"QUILLS BULL",19.99,100.84,404.45,"Mediam ROI"
"SUGAR WONKA",20.99,105.83,404.19,"Mediam ROI"
"EGG IGBY",20.99,105.79,404.00,"Mediam ROI"
"CHASING FIGHT",21.99,110.81,403.91,"Mediam ROI"
"SPICE SORORITY",22.99,115.80,403.70,"Mediam ROI"
"TOMORROW HUSTLER",21.99,110.75,403.64,"Mediam ROI"
"HIGH ENCINO",23.99,120.78,403.46,"Mediam ROI"
"GRIT CLOCKWORK",21.99,110.68,403.32,"Mediam ROI"
"DAUGHTER MADIGAN",13.99,69.91,399.71,"Mediam ROI"
"HOME PITY",15.99,79.86,399.44,"Mediam ROI"
"MASSAGE IMAGE",11.99,59.88,399.42,"Mediam ROI"
"HEAVYWEIGHTS BEAST",25.99,129.77,399.31,"Mediam ROI"
"UNDEFEATED DALMATIONS",22.99,114.79,399.30,"Mediam ROI"
"FORWARD TEMPLE",25.99,128.68,395.11,"Mediam ROI"
"SAMURAI LION",21.99,108.75,394.54,"Mediam ROI"
"PITTSBURGH HUNCHBACK",17.99,88.88,394.05,"Mediam ROI"
"MADNESS ATTACKS",14.99,73.75,391.99,"Mediam ROI"
"TEEN APOLLO",25.99,127.83,391.84,"Mediam ROI"
"NUTS TIES",10.99,53.91,390.54,"Mediam ROI"
"SOUTH WAIT",21.99,107.78,390.13,"Mediam ROI"
"ROUGE SQUAD",10.99,53.82,389.72,"Mediam ROI"
"UNBREAKABLE KARATE",16.99,82.79,387.29,"Mediam ROI"
"HARPER DYING",15.99,77.80,386.55,"Mediam ROI"
"DIVIDE MONSTER",13.99,67.79,384.56,"Mediam ROI"
"FLAMINGOS CONNECTICUT",28.99,139.77,382.13,"Mediam ROI"
"SATISFACTION CONFIDENTIAL",26.99,129.83,381.03,"Mediam ROI"
"BEHAVIOR RUNAWAY",20.99,100.87,380.56,"Mediam ROI"
"BRINGING HYSTERICAL",14.99,71.80,378.99,"Mediam ROI"
"NEWTON LABYRINTH",9.99,47.83,378.78,"Mediam ROI"
"BASIC EASY",18.99,90.79,378.09,"Mediam ROI"
"PRINCESS GIANT",29.99,142.74,375.96,"Mediam ROI"
"MERMAID INSECTS",20.99,99.84,375.66,"Mediam ROI"
"FISH OPUS",22.99,108.75,373.03,"Mediam ROI"
"HORN WORKING",23.99,112.76,370.03,"Mediam ROI"
"MISSION ZOOLANDER",26.99,126.82,369.88,"Mediam ROI"
"COLOR PHILADELPHIA",19.99,93.76,369.03,"Mediam ROI"
"WARDROBE PHANTOM",19.99,93.73,368.88,"Mediam ROI"
"POLLOCK DELIVERANCE",14.99,69.81,365.71,"Mediam ROI"
"GREEK EVERYONE",11.99,55.83,365.64,"Mediam ROI"
"HUNCHBACK IMPOSSIBLE",28.99,134.80,364.99,"Mediam ROI"
"ATTACKS HATE",21.99,101.84,363.12,"Mediam ROI"
"LOCK REAR",10.99,50.84,362.60,"Mediam ROI"
"REMEMBER DIARY",15.99,73.82,361.66,"Mediam ROI"
"DESTINY SATURDAY",20.99,96.84,361.36,"Mediam ROI"
"IDENTITY LOVER",12.99,59.87,360.89,"Mediam ROI"
"DAWN POND",27.99,128.82,360.24,"Mediam ROI"
"MATRIX SNOWMAN",9.99,45.91,359.56,"Mediam ROI"
"ARACHNOPHOBIA ROLLERCOASTER",24.99,114.76,359.22,"Mediam ROI"
"MALTESE HOPE",26.99,123.78,358.61,"Mediam ROI"
"JACKET FRISCO",16.99,77.82,358.03,"Mediam ROI"
"BEAUTY GREASE",28.99,132.78,358.02,"Mediam ROI"
"STRICTLY SCARFACE",24.99,113.77,355.26,"Mediam ROI"
"POTLUCK MIXED",10.99,49.89,353.96,"Mediam ROI"
"RIDGEMONT SUBMARINE",28.99,130.68,350.78,"Mediam ROI"
"LIFE TWISTED",9.99,44.90,349.45,"Mediam ROI"
"HANOVER GALAXY",21.99,98.83,349.43,"Mediam ROI"
"FRENCH HOLIDAY",22.99,102.83,347.28,"Mediam ROI"
"PATTON INTERVIEW",22.99,102.77,347.02,"Mediam ROI"
"RAGING AIRPLANE",18.99,84.87,346.92,"Mediam ROI"
"BLUES INSTINCT",18.99,84.79,346.50,"Mediam ROI"
"NONE SPIKING",18.99,84.73,346.18,"Mediam ROI"
"SIERRA DIVIDE",12.99,57.85,345.34,"Mediam ROI"
"STATE WASTELAND",13.99,61.88,342.32,"Mediam ROI"
"FLYING HOOK",18.99,83.80,341.28,"Mediam ROI"
"NOVOCAINE FLIGHT",11.99,52.81,340.45,"Mediam ROI"
"CHAMBER ITALIAN",14.99,65.88,339.49,"Mediam ROI"
"HYSTERICAL GRAIL",19.99,87.85,339.47,"Mediam ROI"
"GREATEST NORTH",24.99,109.71,339.02,"Mediam ROI"
"CIRCUS YOUTH",13.99,60.85,334.95,"Mediam ROI"
"CONNECTICUT TRAMP",20.99,90.87,332.92,"Mediam ROI"
"ELIZABETH SHANE",11.99,51.90,332.86,"Mediam ROI"
"HANKY OCTOBER",26.99,116.74,332.53,"Mediam ROI"
"GOLD RIVER",21.99,94.86,331.38,"Mediam ROI"
"FATAL HAUNTED",24.99,107.72,331.05,"Mediam ROI"
"DREAM PICKUP",18.99,81.78,330.65,"Mediam ROI"
"LOSE INCH",18.99,81.73,330.38,"Mediam ROI"
"PATRIOT ROMAN",12.99,55.84,329.87,"Mediam ROI"
"MARRIED GO",22.99,98.70,329.32,"Mediam ROI"
"CASUALTIES ENCINO",16.99,72.91,329.13,"Mediam ROI"
"POTTER CONNECTICUT",16.99,72.83,328.66,"Mediam ROI"
"FIGHT JAWBREAKER",13.99,59.78,327.31,"Mediam ROI"
"IMAGE PRINCESS",17.99,76.86,327.24,"Mediam ROI"
"REQUIEM TYCOON",25.99,110.81,326.36,"Mediam ROI"
"BIRD INDEPENDENCE",14.99,63.89,326.22,"Mediam ROI"
"DESERT POSEIDON",27.99,118.81,324.47,"Mediam ROI"
"COMFORTS RUSH",19.99,84.83,324.36,"Mediam ROI"
"DOWNHILL ENOUGH",19.99,84.75,323.96,"Mediam ROI"
"CARIBBEAN LIBERTY",16.99,71.91,323.25,"Mediam ROI"
"RUSH GOODFELLAS",20.99,88.69,322.53,"Mediam ROI"
"FLASH WARS",21.99,92.87,322.33,"Mediam ROI"
"GO PURPLE",12.99,54.80,321.86,"Mediam ROI"
"OTHERS SOUP",18.99,79.77,320.06,"Mediam ROI"
"JUMPING WRATH",18.99,79.76,320.01,"Mediam ROI"
"CALIFORNIA BIRDS",19.99,83.88,319.61,"Mediam ROI"
"ALONE TRIP",14.99,62.82,319.08,"Mediam ROI"
"BAREFOOT MANCHURIAN",15.99,66.82,317.89,"Mediam ROI"
"PLATOON INSTINCT",10.99,45.91,317.74,"Mediam ROI"
"STOCK GLASS",10.99,45.86,317.29,"Mediam ROI"
"ROCKETEER MOTHER",27.99,116.67,316.83,"Mediam ROI"
"ARMAGEDDON LOST",10.99,45.79,316.65,"Mediam ROI"
"RUGRATS SHAKESPEARE",16.99,70.70,316.13,"Mediam ROI"
"CORE SUIT",24.99,103.82,315.45,"Mediam ROI"
"NATIONAL STORY",19.99,82.81,314.26,"Mediam ROI"
"PICKUP DRIVING",23.99,98.84,312.01,"Mediam ROI"
"EXPECATIONS NATURAL",26.99,110.82,310.60,"Mediam ROI"
"OUTLAW HANKY",17.99,73.86,310.56,"Mediam ROI"
"INSIDER ARIZONA",17.99,73.80,310.23,"Mediam ROI"
"HELLFIGHTERS SIERRA",23.99,97.80,307.67,"Mediam ROI"
"ACE GOLDFINGER",12.99,52.93,307.47,"Mediam ROI"
"LEAGUE HELLFIGHTERS",25.99,105.83,307.20,"Mediam ROI"
"PEAK FOREVER",25.99,105.80,307.08,"Mediam ROI"
"PARK CITIZEN",14.99,60.92,306.40,"Mediam ROI"
"THIEF PELICAN",28.99,117.81,306.38,"Mediam ROI"
"TIGHTS DAWN",14.99,60.74,305.20,"Mediam ROI"
"PAST SUICIDES",17.99,72.87,305.06,"Mediam ROI"
"GAMES BOWFINGER",17.99,72.86,305.00,"Mediam ROI"
"LEBOWSKI SOLDIERS",17.99,72.79,304.61,"Mediam ROI"
"DETECTIVE VISION",16.99,68.73,304.53,"Mediam ROI"
"PEACH INNOCENT",20.99,84.85,304.24,"Mediam ROI"
"SUBMARINE BED",21.99,88.85,304.05,"Mediam ROI"
"VACATION BOONDOCK",23.99,96.79,303.46,"Mediam ROI"
"GANGS PRIDE",27.99,112.73,302.75,"Mediam ROI"
"VANISHING ROCKY",21.99,87.82,299.36,"Mediam ROI"
"LUCKY FLYING",10.99,43.87,299.18,"Mediam ROI"
"MUSCLE BRIGHT",23.99,95.70,298.92,"Mediam ROI"
"TALENTED HOMICIDE",9.99,39.71,297.50,"Mediam ROI"
"BILKO ANONYMOUS",25.99,102.87,295.81,"Mediam ROI"
"WEREWOLF LOLA",19.99,78.86,294.50,"Mediam ROI"
"BIRCH ANTITRUST",18.99,74.89,294.37,"Mediam ROI"
"FICTION CHRISTMAS",14.99,58.81,292.33,"Mediam ROI"
"GORGEOUS BINGO",26.99,105.81,292.03,"Mediam ROI"
"ROBBERS JOON",26.99,105.69,291.59,"Mediam ROI"
"SEA VIRGIN",24.99,97.78,291.28,"Mediam ROI"
"CHAMPION FLATLINERS",21.99,85.87,290.50,"Mediam ROI"
"SADDLE ANTITRUST",10.99,42.86,289.99,"Mediam ROI"
"CLONES PINOCCHIO",16.99,65.81,287.35,"Mediam ROI"
"PANTHER REDS",22.99,88.85,286.47,"Mediam ROI"
"FARGO GANDHI",28.99,111.76,285.51,"Mediam ROI"
"DEEP CRUSADE",20.99,80.86,285.23,"Mediam ROI"
"SCISSORHANDS SLUMS",13.99,53.85,284.92,"Mediam ROI"
"ESCAPE METROPOLIS",20.99,80.75,284.71,"Mediam ROI"
"METAL ARMAGEDDON",26.99,103.75,284.40,"Mediam ROI"
"IDOLS SNATCHERS",29.99,114.70,282.46,"Mediam ROI"
"BEACH HEARTBREAKERS",16.99,64.83,281.58,"Mediam ROI"
"MILE MULAN",10.99,41.87,280.98,"Mediam ROI"
"GROUNDHOG UNCUT",26.99,102.82,280.96,"Mediam ROI"
"BAKED CLEOPATRA",20.99,79.84,280.37,"Mediam ROI"
"JEKYLL FROGMEN",22.99,86.83,277.69,"Mediam ROI"
"BROTHERHOOD BLANKET",26.99,101.74,276.95,"Mediam ROI"
"CAMELOT VACATION",26.99,101.73,276.92,"Mediam ROI"
"PARTY KNOCK",11.99,44.87,274.23,"Mediam ROI"
"ANNIE IDENTITY",15.99,59.78,273.86,"Mediam ROI"
"SATURN NAME",18.99,70.87,273.20,"Mediam ROI"
"COMMAND DARLING",28.99,107.84,271.99,"Mediam ROI"
"CROSSROADS CASUALTIES",20.99,77.79,270.61,"Mediam ROI"
"CONTROL ANTHEM",9.99,36.93,269.67,"Mediam ROI"
"REIGN GENTLEMEN",29.99,110.80,269.46,"Mediam ROI"
"SINNERS ATLANTIS",19.99,73.78,269.08,"Mediam ROI"
"MALKOVICH PET",22.99,84.74,268.60,"Mediam ROI"
"MUMMY CREATURES",15.99,58.84,267.98,"Mediam ROI"
"CHARADE DUFFEL",21.99,80.85,267.67,"Mediam ROI"
"CONFUSED CANDLES",27.99,102.83,267.38,"Mediam ROI"
"RECORDS ZORRO",11.99,43.92,266.31,"Mediam ROI"
"BIKINI BORROWERS",26.99,98.83,266.17,"Mediam ROI"
"OPERATION OPERATION",23.99,87.73,265.69,"Mediam ROI"
"PAYCHECK WAIT",27.99,101.84,263.84,"Mediam ROI"
"TOOTSIE PILOT",10.99,39.85,262.60,"Mediam ROI"
"WANDA CHAMBER",23.99,86.84,261.98,"Mediam ROI"
"ARIZONA BANG",28.99,104.79,261.47,"Mediam ROI"
"CASABLANCA SUPER",22.99,82.84,260.33,"Mediam ROI"
"ELEPHANT TROJAN",24.99,89.86,259.58,"Mediam ROI"
"EFFECT GLADIATOR",14.99,53.75,258.57,"Mediam ROI"
"UPRISING UPTOWN",16.99,60.84,258.09,"Mediam ROI"
"ISLAND EXORCIST",23.99,85.74,257.40,"Mediam ROI"
"PURE RUNNER",25.99,92.84,257.21,"Mediam ROI"
"SLEEPY JAPANESE",25.99,92.80,257.06,"Mediam ROI"
"CUPBOARD SINNERS",29.99,106.77,256.02,"Mediam ROI"
"SALUTE APOLLO",29.99,106.77,256.02,"Mediam ROI"
"GENTLEMEN STAGE",22.99,81.77,255.68,"Mediam ROI"
"HALF OUTFIELD",25.99,91.75,253.02,"Mediam ROI"
"SHRUNK DIVINE",14.99,52.86,252.64,"Mediam ROI"
"GRADUATE LORD",14.99,52.84,252.50,"Mediam ROI"
"HUMAN GRAFFITI",22.99,80.85,251.67,"Mediam ROI"
"ORIENT CLOSER",22.99,80.83,251.59,"Mediam ROI"
"NORTHWEST POLISH",24.99,87.80,251.34,"Mediam ROI"
"WEST LION",29.99,104.84,249.58,"Mediam ROI"
"ICE CROSSING",28.99,100.76,247.57,"Mediam ROI"
"NEIGHBORS CHARADE",20.99,72.81,246.88,"Mediam ROI"
"LOVELY JINGLE",18.99,65.86,246.81,"Mediam ROI"
"BARBARELLA STREETCAR",27.99,96.75,245.66,"Mediam ROI"
"CREEPERS KANE",23.99,82.86,245.39,"Mediam ROI"
"CLUB GRAFFITI",12.99,44.80,244.88,"Mediam ROI"
"INTRIGUE WORST",10.99,37.80,243.95,"Mediam ROI"
"TARZAN VIDEOTAPE",11.99,40.92,241.28,"Mediam ROI"
"FRIDA SLIPPER",11.99,40.90,241.12,"Mediam ROI"
"DOUBTFIRE LABYRINTH",16.99,57.90,240.79,"Mediam ROI"
"ENOUGH RAGING",16.99,57.82,240.32,"Mediam ROI"
"BETRAYED REAR",26.99,91.85,240.31,"Mediam ROI"
"HOMICIDE PEACH",21.99,74.78,240.06,"Mediam ROI"
"AFFAIR PREJUDICE",26.99,91.77,240.01,"Mediam ROI"
"ROXANNE REBEL",9.99,33.81,238.44,"Mediam ROI"
"HORROR REIGN",25.99,87.73,237.55,"Mediam ROI"
"POSEIDON FOREVER",29.99,100.83,236.21,"Mediam ROI"
"MULAN MOON",10.99,36.87,235.49,"Mediam ROI"
"BEAST HUNCHBACK",22.99,76.89,234.45,"Mediam ROI"
"BADMAN DAWN",22.99,76.79,234.01,"Mediam ROI"
"TERMINATOR CLUB",11.99,39.94,233.11,"Mediam ROI"
"BORN SPINAL",17.99,59.88,232.85,"Mediam ROI"
"MOTHER OLEANDER",20.99,69.86,232.83,"Mediam ROI"
"HOURS RAGE",14.99,49.81,232.29,"Mediam ROI"
"INSTINCT AIRPORT",21.99,72.82,231.15,"Mediam ROI"
"SENSIBILITY REAR",15.99,52.90,230.83,"Mediam ROI"
"SEABISCUIT PUNK",28.99,95.74,230.25,"Mediam ROI"
"CRANES RESERVOIR",12.99,42.89,230.18,"Mediam ROI"
"SEARCHERS WAIT",22.99,75.86,229.97,"Mediam ROI"
"HOPE TOOTSIE",22.99,75.82,229.80,"Mediam ROI"
"JERICHO MULAN",29.99,98.83,229.54,"Mediam ROI"
"FACTORY DRAGON",9.99,32.83,228.63,"Mediam ROI"
"GUNFIGHT MOON",16.99,55.76,228.19,"Mediam ROI"
"ROLLERCOASTER BRINGING",13.99,45.90,228.09,"Mediam ROI"
"ALABAMA DEVIL",21.99,71.88,226.88,"Mediam ROI"
"VARSITY TRIP",14.99,48.84,225.82,"Mediam ROI"
"CINCINATTI WHISPERER",26.99,87.87,225.57,"Mediam ROI"
"PANIC CLUB",15.99,51.93,224.77,"Mediam ROI"
"CAMPUS REMEMBER",27.99,90.81,224.44,"Mediam ROI"
"DIVINE RESURRECTION",19.99,64.85,224.41,"Mediam ROI"
"DYING MAKER",28.99,93.83,223.66,"Mediam ROI"
"EXCITEMENT EVE",20.99,67.79,222.96,"Mediam ROI"
"HOOSIERS BIRDCAGE",12.99,41.92,222.71,"Mediam ROI"
"FEATHERS METAL",12.99,41.89,222.48,"Mediam ROI"
"SPIKING ELEMENT",12.99,41.87,222.32,"Mediam ROI"
"USUAL UNTOUCHABLES",21.99,70.87,222.28,"Mediam ROI"
"PILOT HOOSIERS",17.99,57.84,221.51,"Mediam ROI"
"PERFECT GROOVE",17.99,57.83,221.46,"Mediam ROI"
"GABLES METROPOLIS",17.99,57.81,221.35,"Mediam ROI"
"COLDBLOODED DARLING",27.99,89.84,220.97,"Mediam ROI"
"DISTURBING SCARFACE",27.99,89.74,220.61,"Mediam ROI"
"CLERKS ANGELS",15.99,50.93,218.51,"Mediam ROI"
"SAGEBRUSH CLUELESS",28.99,91.84,216.80,"Mediam ROI"
"BLADE POLISH",10.99,34.79,216.56,"Mediam ROI"
"ANTITRUST TOMATOES",11.99,37.90,216.10,"Mediam ROI"
"BERETS AGENT",24.99,78.78,215.25,"Mediam ROI"
"PRESIDENT BANG",12.99,40.93,215.09,"Mediam ROI"
"OUTFIELD MASSACRE",18.99,59.80,214.90,"Mediam ROI"
"WESTWARD SEABISCUIT",11.99,37.74,214.76,"Mediam ROI"
"LEGALLY SECRETARY",14.99,46.91,212.94,"Mediam ROI"
"VIRGIN DAISY",29.99,93.83,212.87,"Mediam ROI"
"CASPER DRAGONFLY",16.99,52.92,211.48,"Mediam ROI"
"IDAHO LOVE",25.99,80.83,211.00,"Mediam ROI"
"FREAKY POCUS",16.99,52.83,210.95,"Mediam ROI"
"CHOCOLAT HARRY",16.99,52.80,210.77,"Mediam ROI"
"BUGSY SONG",17.99,55.89,210.67,"Mediam ROI"
"STRANGELOVE DESIRE",27.99,86.76,209.97,"Mediam ROI"
"FIDDLER LOST",20.99,64.90,209.19,"Mediam ROI"
"THEORY MERMAID",9.99,30.88,209.11,"Mediam ROI"
"ORANGE GRAPES",21.99,67.76,208.14,"Mediam ROI"
"TRANSLATION SUMMER",10.99,33.85,208.01,"Mediam ROI"
"TUXEDO MILE",24.99,76.87,207.60,"Mediam ROI"
"SPINAL ROCKY",12.99,39.87,206.93,"Mediam ROI"
"SHAKESPEARE SADDLE",26.99,82.78,206.71,"Mediam ROI"
"PRIX UNDEFEATED",13.99,42.89,206.58,"Mediam ROI"
"LOSER HUSTLER",28.99,88.85,206.48,"Mediam ROI"
"SLACKER LIAISONS",29.99,91.83,206.20,"Mediam ROI"
"OUTBREAK DIVINE",12.99,39.77,206.16,"Mediam ROI"
"LAMBS CINCINATTI",18.99,57.90,204.90,"Mediam ROI"
"SPARTACUS CHEAPER",19.99,60.91,204.70,"Mediam ROI"
"FLATLINERS KILLER",29.99,90.78,202.70,"Mediam ROI"
"HEAVENLY GUN",13.99,41.93,199.71,"Mediam ROI"
"OPUS ICE",21.99,65.89,199.64,"Mediam ROI"
"FLIGHT LIES",22.99,68.88,199.61,"Mediam ROI"
"UNTOUCHABLES SUNRISE",11.99,35.92,199.58,"Mediam ROI"
"SHIP WONDERLAND",15.99,47.85,199.25,"Mediam ROI"
"MALLRATS UNITED",25.99,77.75,199.15,"Mediam ROI"
"GROOVE FICTION",13.99,41.82,198.93,"Mediam ROI"
"WIND PHANTOM",12.99,38.77,198.46,"Mediam ROI"
"HIGHBALL POTTER",10.99,32.79,198.36,"Mediam ROI"
"GRINCH MASSAGE",25.99,76.86,195.73,"Mediam ROI"
"LOST BIRD",21.99,64.88,195.04,"Mediam ROI"
"NASH CHOCOLAT",21.99,64.85,194.91,"Mediam ROI"
"MOD SECRETARY",20.99,61.89,194.85,"Mediam ROI"
"HEAVEN FREEDOM",19.99,58.82,194.25,"Mediam ROI"
"GRAIL FRANKENSTEIN",17.99,52.90,194.05,"Mediam ROI"
"EXORCIST STING",17.99,52.87,193.89,"Mediam ROI"
"SHREK LICENSE",15.99,46.85,193.00,"Mediam ROI"
"SWEET BROTHERHOOD",27.99,81.85,192.43,"Mediam ROI"
"CONFESSIONS MAGUIRE",25.99,75.86,191.88,"Mediam ROI"
"HOBBIT ALIEN",27.99,81.69,191.85,"Mediam ROI"
"CARRIE BUNCH",11.99,34.77,189.99,"Mediam ROI"
"PACKER MADIGAN",20.99,60.78,189.57,"Mediam ROI"
"JEEPERS WEDDING",29.99,86.84,189.56,"Mediam ROI"
"LAWLESS VISION",29.99,86.84,189.56,"Mediam ROI"
"PAPI NECKLACE",9.99,28.92,189.49,"Mediam ROI"
"RACER EGG",19.99,57.82,189.24,"Mediam ROI"
"STRAIGHT HOURS",19.99,57.80,189.14,"Mediam ROI"
"CADDYSHACK JEDI",17.99,51.84,188.16,"Mediam ROI"
"TRACY CIDER",29.99,85.74,185.90,"Mediam ROI"
"AIRPLANE SIERRA",28.99,82.85,185.79,"Mediam ROI"
"JADE BUNCH",21.99,62.82,185.68,"Mediam ROI"
"MOURNING PURPLE",14.99,42.79,185.46,"Mediam ROI"
"MADIGAN DORADO",20.99,59.90,185.37,"Mediam ROI"
"BOWFINGER GABLES",19.99,56.89,184.59,"Mediam ROI"
"CHISUM BEHAVIOR",25.99,73.87,184.22,"Mediam ROI"
"AMELIE HELLFIGHTERS",23.99,67.90,183.03,"Mediam ROI"
"FAMILY SWEET",24.99,70.70,182.91,"Mediam ROI"
"BOUND CHEAPER",17.99,50.76,182.16,"Mediam ROI"
"DOLLS RAGE",10.99,30.91,181.26,"Mediam ROI"
"DADDY PITTSBURGH",26.99,75.87,181.10,"Mediam ROI"
"ANALYZE HOOSIERS",19.99,55.86,179.44,"Mediam ROI"
"OSCAR GOLD",29.99,83.75,179.26,"Mediam ROI"
"TIES HUNGER",28.99,80.89,179.03,"Mediam ROI"
"TWISTED PIRATES",23.99,66.89,178.82,"Mediam ROI"
"ENCINO ELF",9.99,27.81,178.38,"Mediam ROI"
"BLOOD ARGONAUTS",13.99,38.90,178.06,"Mediam ROI"
"MIGHTY LUCK",13.99,38.88,177.91,"Mediam ROI"
"WEEKEND PERSONAL",26.99,74.82,177.21,"Mediam ROI"
"TOWN ARK",17.99,49.86,177.15,"Mediam ROI"
"GUYS FALCON",20.99,57.91,175.89,"Mediam ROI"
"CHICKEN HELLFIGHTERS",24.99,68.78,175.23,"Mediam ROI"
"MAJESTIC FLOATS",15.99,43.83,174.11,"Mediam ROI"
"WORST BANGER",26.99,73.84,173.58,"Mediam ROI"
"POCUS PULP",15.99,43.74,173.55,"Mediam ROI"
"EARRING INSTINCT",22.99,62.81,173.21,"Mediam ROI"
"GOLDFINGER SENSIBILITY",29.99,81.76,172.62,"Mediam ROI"
"GRAFFITI LOVE",29.99,81.70,172.42,"Mediam ROI"
"GOSFORD DONNIE",17.99,48.92,171.93,"Mediam ROI"
"LIBERTY MAGNIFICENT",27.99,75.88,171.10,"Mediam ROI"
"HOLES BRANNIGAN",27.99,75.86,171.03,"Mediam ROI"
"GRAPES FURY",20.99,56.77,170.46,"Mediam ROI"
"WARS PLUTO",15.99,42.90,168.29,"Mediam ROI"
"WATCH TRACY",12.99,34.84,168.21,"Mediam ROI"
"KING EVOLUTION",24.99,66.91,167.75,"Mediam ROI"
"VALLEY PACKER",21.99,58.85,167.62,"Mediam ROI"
"BANGER PINOCCHIO",15.99,42.78,167.54,"Mediam ROI"
"BRANNIGAN SUNRISE",27.99,74.88,167.52,"Mediam ROI"
"WONKA SEA",24.99,66.82,167.39,"Mediam ROI"
"KARATE MOON",21.99,58.77,167.26,"Mediam ROI"
"WONDERFUL DROP",20.99,55.91,166.36,"Mediam ROI"
"SAINTS BRIDE",11.99,31.92,166.22,"Mediam ROI"
"PAJAMA JAWBREAKER",14.99,39.86,165.91,"Mediam ROI"
"COWBOY DOOM",10.99,28.93,163.24,"Mediam ROI"
"FINDING ANACONDA",10.99,28.88,162.78,"Mediam ROI"
"WASTELAND DIVINE",18.99,49.85,162.51,"Mediam ROI"
"MONSOON CAUSE",20.99,54.91,161.60,"Mediam ROI"
"SNOWMAN ROLLERCOASTER",27.99,72.77,159.99,"Mediam ROI"
"DRUMLINE CYCLONE",14.99,38.89,159.44,"Mediam ROI"
"QUEST MUSSOLINI",29.99,77.80,159.42,"Mediam ROI"
"NOTORIOUS REUNION",9.99,25.86,158.86,"Mediam ROI"
"LUST LOCK",28.99,74.82,158.09,"Mediam ROI"
"APOCALYPSE FLAMINGOS",11.99,30.94,158.05,"Mediam ROI"
"DOUBLE WRATH",28.99,74.75,157.85,"Mediam ROI"
"CYCLONE FAMILY",18.99,48.86,157.29,"Mediam ROI"
"BLINDNESS GUN",29.99,76.86,156.29,"Mediam ROI"
"WILLOW TRACY",22.99,58.84,155.94,"Mediam ROI"
"ZOOLANDER FICTION",28.99,73.83,154.67,"Mediam ROI"
"SLUMS DUCK",21.99,55.76,153.57,"Mediam ROI"
"MAKER GABLES",12.99,32.90,153.27,"Mediam ROI"
"GODFATHER DIARY",14.99,37.92,152.97,"Mediam ROI"
"DINOSAUR SECRETARY",27.99,70.80,152.95,"Mediam ROI"
"SNATCHERS MONTEZUMA",14.99,37.91,152.90,"Mediam ROI"
"VANILLA DAY",20.99,52.91,152.07,"Mediam ROI"
"ALI FOREVER",21.99,54.91,149.70,"Mediam ROI"
"SPEED SUIT",19.99,49.91,149.67,"Mediam ROI"
"NEMO CAMPUS",23.99,59.86,149.52,"Mediam ROI"
"PERSONAL LADYBUGS",19.99,49.86,149.42,"Mediam ROI"
"POND SEATTLE",25.99,64.81,149.37,"Mediam ROI"
"ILLUSION AMELIE",15.99,39.85,149.22,"Mediam ROI"
"LION UNCUT",13.99,34.82,148.89,"Mediam ROI"
"DANGEROUS UPTOWN",26.99,66.88,147.80,"Mediam ROI"
"PUNK DIVORCE",18.99,46.92,147.08,"Mediam ROI"
"MOULIN WAKE",20.99,51.84,146.97,"Mediam ROI"
"PIRATES ROXANNE",20.99,51.78,146.69,"Mediam ROI"
"FANTASIA PARK",29.99,73.81,146.12,"Mediam ROI"
"INSECTS STONE",14.99,36.81,145.56,"Mediam ROI"
"EVOLUTION ALTER",10.99,26.88,144.59,"Mediam ROI"
"MEET CHOCOLATE",26.99,65.88,144.09,"Mediam ROI"
"WAR NOTTING",26.99,65.88,144.09,"Mediam ROI"
"SHANE DARKNESS",22.99,55.86,142.98,"Mediam ROI"
"WYOMING STORM",29.99,72.87,142.98,"Mediam ROI"
"HILLS NEIGHBORS",29.99,72.75,142.58,"Mediam ROI"
"PIZZA JUMANJI",11.99,28.93,141.28,"Mediam ROI"
"FRONTIER CABIN",14.99,35.94,139.76,"Mediam ROI"
"CHARIOTS CONSPIRACY",29.99,71.79,139.38,"Mediam ROI"
"ENTRAPMENT SATISFACTION",19.99,47.85,139.37,"Mediam ROI"
"DARLING BREAKING",20.99,49.91,137.78,"Mediam ROI"
"INTOLERABLE INTENTIONS",20.99,49.91,137.78,"Mediam ROI"
"MODERN DORADO",20.99,49.85,137.49,"Mediam ROI"
"CREATURES SHAKESPEARE",23.99,56.84,136.93,"Mediam ROI"
"MASK PEACH",26.99,63.83,136.49,"Mediam ROI"
"JINGLE SAGEBRUSH",29.99,70.87,136.31,"Mediam ROI"
"BREAKING HOME",21.99,51.87,135.88,"Mediam ROI"
"JERSEY SASSY",16.99,39.94,135.08,"Mediam ROI"
"GROSSE WONDERFUL",19.99,46.92,134.72,"Mediam ROI"
"STAGE WORLD",19.99,46.90,134.62,"Mediam ROI"
"PARIS WEEKEND",19.99,46.86,134.42,"Mediam ROI"
"FIREBALL PHILADELPHIA",25.99,60.79,133.90,"Mediam ROI"
"DROP WATERFRONT",20.99,48.91,133.02,"Mediam ROI"
"REAP UNFAITHFUL",26.99,62.84,132.83,"Mediam ROI"
"DISCIPLE MOTHER",17.99,41.81,132.41,"Mediam ROI"
"GOLDMINE TYCOON",20.99,48.73,132.16,"Mediam ROI"
"MANCHURIAN CURTAIN",27.99,64.85,131.69,"Mediam ROI"
"WINDOW SIDE",25.99,59.88,130.40,"Mediam ROI"
"WISDOM WORKER",12.99,29.91,130.25,"Mediam ROI"
"OLEANDER CLUE",12.99,29.90,130.18,"Mediam ROI"
"HAUNTING PIANIST",22.99,52.78,129.58,"Mediam ROI"
"DATE SPEED",19.99,45.87,129.46,"Mediam ROI"
"HONEY TIES",29.99,68.81,129.44,"Mediam ROI"
"MIDNIGHT WESTWARD",19.99,45.83,129.26,"Mediam ROI"
"UPTOWN YOUNG",16.99,38.88,128.84,"Mediam ROI"
"GANDHI KWAI",9.99,22.83,128.53,"Mediam ROI"
"HAUNTED ANTITRUST",13.99,31.94,128.31,"Mediam ROI"
"DWARFS ALTER",13.99,31.91,128.09,"Mediam ROI"
"DALMATIONS SWEDEN",25.99,58.80,126.24,"Mediam ROI"
"AFRICAN EGG",22.99,51.88,125.66,"Mediam ROI"
"VIRGINIAN PLUTO",22.99,51.71,124.92,"Mediam ROI"
"FRISCO FORREST",23.99,53.91,124.72,"Mediam ROI"
"MIRACLE VIRTUAL",19.99,44.91,124.66,"Mediam ROI"
"PET HAUNTING",11.99,26.92,124.52,"Mediam ROI"
"PACIFIC AMISTAD",27.99,62.76,124.22,"Mediam ROI"
"DYNAMITE TARZAN",27.99,62.75,124.19,"Mediam ROI"
"TROOPERS METAL",20.99,46.86,123.25,"Mediam ROI"
"HEDWIG ALTER",16.99,37.88,122.95,"Mediam ROI"
"JEOPARDY ENCINO",12.99,28.90,122.48,"Mediam ROI"
"HAMLET WISDOM",21.99,48.86,122.19,"Mediam ROI"
"JUMANJI BLADE",13.99,30.92,121.02,"Mediam ROI"
"REDS POCUS",23.99,52.91,120.55,"Mediam ROI"
"ALLEY EVOLUTION",23.99,52.86,120.34,"Mediam ROI"
"FURY MURDER",28.99,63.81,120.11,"Mediam ROI"
"HANDICAP BOONDOCK",28.99,63.72,119.80,"Mediam ROI"
"BULWORTH COMMANDMENTS",14.99,32.93,119.68,"Mediam ROI"
"SHEPHERD MIDSUMMER",14.99,32.75,118.48,"Mediam ROI"
"WAGON JAWS",17.99,38.90,116.23,"Mediam ROI"
"PRIMARY GLASS",16.99,36.73,116.19,"Mediam ROI"
"GILMORE BOILED",29.99,64.72,115.81,"Mediam ROI"
"HUNTING MUSKETEERS",24.99,53.85,115.49,"Mediam ROI"
"DANCING FEVER",25.99,55.73,114.43,"Mediam ROI"
"MOCKINGBIRD HOLLYWOOD",27.99,59.76,113.50,"Mediam ROI"
"LOATHING LEGALLY",29.99,63.73,112.50,"Mediam ROI"
"VERTIGO NORTHWEST",17.99,37.92,110.78,"Mediam ROI"
"ALAMO VIDEOTAPE",16.99,35.76,110.48,"Mediam ROI"
"FIRE WOLVES",18.99,39.93,110.27,"Mediam ROI"
"LOVER TRUMAN",29.99,62.90,109.74,"Mediam ROI"
"SHANGHAI TYCOON",20.99,43.86,108.96,"Mediam ROI"
"EXPRESS LONELY",23.99,49.87,107.88,"Mediam ROI"
"ISHTAR ROCKETEER",24.99,51.93,107.80,"Mediam ROI"
"DRUMS DYNAMITE",11.99,24.87,107.42,"Mediam ROI"
"UNFAITHFUL KILL",12.99,26.92,107.24,"Mediam ROI"
"SLEUTH ORIENT",25.99,53.79,106.96,"Mediam ROI"
"RESURRECTION SILVERADO",12.99,26.79,106.24,"Mediam ROI"
"SLIPPER FIDELITY",14.99,30.84,105.74,"Mediam ROI"
"MICROCOSMOS PARADISE",22.99,46.87,103.87,"Mediam ROI"
"COAST RAINBOW",20.99,42.79,103.86,"Mediam ROI"
"SENSE GREEK",23.99,47.93,99.79,"low roi"
"ELF MURDER",19.99,39.93,99.75,"low roi"
"IRON MOON",27.99,55.89,99.68,"low roi"
"WARLOCK WEREWOLF",10.99,21.94,99.64,"low roi"
"SPEAKEASY DATE",22.99,45.88,99.57,"low roi"
"STONE FIRE",19.99,39.89,99.55,"low roi"
"ADAPTATION HOLES",18.99,37.88,99.47,"low roi"
"UNITED PILOT",27.99,55.83,99.46,"low roi"
"NECKLACE OUTBREAK",21.99,43.85,99.41,"low roi"
"REUNION WITCHES",26.99,53.80,99.33,"low roi"
"SPLASH GUMP",16.99,33.86,99.29,"low roi"
"HOLOCAUST HIGHBALL",12.99,25.83,98.85,"low roi"
"MASKED BUBBLE",12.99,25.80,98.61,"low roi"
"SMILE EARRING",29.99,58.90,96.40,"low roi"
"ELEMENT FREDDY",28.99,56.90,96.27,"low roi"
"FUGITIVE MAGUIRE",28.99,56.89,96.24,"low roi"
"MAGNIFICENT CHITTY",27.99,54.92,96.21,"low roi"
"DARKNESS WAR",24.99,48.87,95.56,"low roi"
"KWAI HOMEWARD",25.99,50.77,95.34,"low roi"
"ALASKA PHANTOM",22.99,44.74,94.61,"low roi"
"SPLENDOR PATTON",20.99,40.79,94.33,"low roi"
"RINGS HEARTBREAKERS",17.99,34.85,93.72,"low roi"
"SEVEN SWARM",15.99,30.95,93.56,"low roi"
"MOTIONS DETAILS",16.99,32.85,93.35,"low roi"
"RIVER OUTLAW",29.99,57.81,92.76,"low roi"
"HOLLOW JEOPARDY",25.99,49.90,92.00,"low roi"
"KRAMER CHOCOLATE",24.99,47.91,91.72,"low roi"
"LABYRINTH LEAGUE",24.99,47.85,91.48,"low roi"
"BABY HALL",23.99,45.92,91.41,"low roi"
"POLISH BROOKLYN",12.99,24.82,91.07,"low roi"
"SUNDANCE INVASION",21.99,41.81,90.13,"low roi"
"ENCOUNTERS CURTAIN",20.99,39.81,89.66,"low roi"
"MADRE GABLES",27.99,52.86,88.85,"low roi"
"WORKER TARZAN",26.99,50.85,88.40,"low roi"
"INDIAN LOVE",26.99,50.84,88.37,"low roi"
"LOLITA WORLD",25.99,48.90,88.15,"low roi"
"WOMEN DORADO",23.99,44.78,86.66,"low roi"
"SQUAD FISH",14.99,27.93,86.32,"low roi"
"DIRTY ACE",29.99,55.85,86.23,"low roi"
"BLANKET BEVERLY",21.99,40.88,85.90,"low roi"
"BUNCH MINDS",13.99,25.95,85.49,"low roi"
"MOON BUNCH",20.99,38.71,84.42,"low roi"
"TEQUILA PAST",17.99,32.94,83.10,"low roi"
"KILLER INNOCENT",11.99,21.94,82.99,"low roi"
"CHILL LUCK",17.99,32.78,82.21,"low roi"
"ARMY FLINTSTONES",22.99,41.84,81.99,"low roi"
"ROBBERY BRIGHT",21.99,39.87,81.31,"low roi"
"CONGENIALITY QUEST",21.99,39.78,80.90,"low roi"
"HALLOWEEN NUTS",19.99,35.90,79.59,"low roi"
"MONSTER SPARTACUS",28.99,51.85,78.85,"low roi"
"ROOTS REMEMBER",23.99,42.83,78.53,"low roi"
"TRAFFIC HOBBIT",13.99,24.95,78.34,"low roi"
"WORLD LEATHERNECKS",13.99,24.92,78.13,"low roi"
"WOLVES DESIRE",13.99,24.79,77.20,"low roi"
"INDEPENDENCE HOTEL",21.99,38.81,76.49,"low roi"
"SHINING ROSES",12.99,22.92,76.44,"low roi"
"RIGHT CRANES",29.99,52.90,76.39,"low roi"
"DARES PLUTO",16.99,29.91,76.04,"low roi"
"DOZEN LION",20.99,36.93,75.94,"low roi"
"GLASS DYING",24.99,43.86,75.51,"low roi"
"ACADEMY DINOSAUR",20.99,36.77,75.18,"low roi"
"RUN PACIFIC",25.99,44.90,72.76,"low roi"
"ENDING CROWDS",10.99,18.89,71.88,"low roi"
"BUBBLE GROSSE",20.99,35.94,71.22,"low roi"
"CRUSADE HONEY",27.99,47.92,71.20,"low roi"
"GONE TROUBLE",20.99,35.90,71.03,"low roi"
"DONNIE ALLEY",20.99,35.86,70.84,"low roi"
"TRAMP OTHERS",27.99,47.80,70.78,"low roi"
"VALENTINE VANISHING",9.99,16.88,68.97,"low roi"
"RIDER CADDYSHACK",28.99,48.89,68.64,"low roi"
"CAPER MOTIONS",22.99,38.76,68.60,"low roi"
"ROCK INSTINCT",28.99,48.83,68.44,"low roi"
"VOYAGE LEGALLY",28.99,48.72,68.06,"low roi"
"JEDI BENEATH",12.99,21.81,67.90,"low roi"
"ANYTHING SAVANNAH",27.99,46.91,67.60,"low roi"
"JOON NORTHWEST",23.99,39.83,66.03,"low roi"
"SHOOTIST SUPERFLY",22.99,37.76,64.25,"low roi"
"MINORITY KISS",16.99,27.89,64.16,"low roi"
"SCHOOL JACKET",21.99,35.94,63.44,"low roi"
"FANTASY TROOPERS",27.99,45.74,63.42,"low roi"
"LOVE SUICIDES",21.99,35.80,62.80,"low roi"
"HOTEL HAPPINESS",28.99,46.91,61.81,"low roi"
"FEVER EMPIRE",20.99,33.95,61.74,"low roi"
"UNFORGIVEN ZOOLANDER",15.99,25.82,61.48,"low roi"
"STORM HAPPINESS",28.99,46.71,61.12,"low roi"
"AMADEUS HOLY",20.99,33.79,60.98,"low roi"
"DESTINATION JERK",19.99,31.92,59.68,"low roi"
"ODDS BOOGIE",14.99,23.85,59.11,"low roi"
"EVE RESURRECTION",25.99,40.93,57.48,"low roi"
"CABIN FLASH",25.99,40.85,57.18,"low roi"
"LOUISIANA HARRY",18.99,29.83,57.08,"low roi"
"MULHOLLAND BEAST",13.99,21.93,56.75,"low roi"
"MONTEREY LABYRINTH",13.99,21.87,56.33,"low roi"
"ITALIAN AFRICAN",24.99,38.94,55.82,"low roi"
"DIVORCE SHINING",21.99,33.93,54.30,"low roi"
"CHEAPER CLYDE",23.99,36.80,53.40,"low roi"
"LORD ARIZONA",27.99,42.89,53.23,"low roi"
"UNCUT SUICIDES",29.99,45.86,52.92,"low roi"
"WON DARES",18.99,28.91,52.24,"low roi"
"FOREVER CANDIDATE",28.99,43.87,51.33,"low roi"
"EARLY HOME",27.99,41.93,49.80,"low roi"
"SOLDIERS EVOLUTION",27.99,41.92,49.77,"low roi"
"DUCK RACER",15.99,23.94,49.72,"low roi"
"CROOKED FROGMEN",27.99,41.77,49.23,"low roi"
"PIANIST OUTFIELD",25.99,38.78,49.21,"low roi"
"MARS ROMAN",21.99,32.81,49.20,"low roi"
"MAGUIRE APACHE",22.99,33.91,47.50,"low roi"
"VOICE PEACH",22.99,33.81,47.06,"low roi"
"CLUE GRAIL",27.99,40.93,46.23,"low roi"
"TAXI KICK",23.99,34.83,45.19,"low roi"
"MUSSOLINI SPOILERS",10.99,15.95,45.13,"low roi"
"STORY SIDE",27.99,39.72,41.91,"low roi"
"SANTA PARIS",23.99,33.89,41.27,"low roi"
"GRACELAND DYNAMITE",26.99,37.94,40.57,"low roi"
"LUCK OPUS",21.99,30.90,40.52,"low roi"
"DANCES NONE",22.99,31.86,38.58,"low roi"
"CURTAIN VIDEOTAPE",27.99,38.74,38.41,"low roi"
"ANONYMOUS HUMAN",12.99,17.87,37.57,"low roi"
"GREASE YOUTH",20.99,28.79,37.16,"low roi"
"REAR TRADING",23.99,32.83,36.85,"low roi"
"SLING LUKE",10.99,14.94,35.94,"low roi"
"ZHIVAGO CORE",10.99,14.91,35.67,"low roi"
"GUN BONNIE",27.99,37.75,34.87,"low roi"
"SMOKING BARBARELLA",13.99,18.83,34.60,"low roi"
"MOB DUFFEL",25.99,34.88,34.21,"low roi"
"SUMMER SCARFACE",25.99,34.84,34.05,"low roi"
"DIARY PANIC",20.99,27.91,32.97,"low roi"
"JUNGLE CLOSER",11.99,15.91,32.69,"low roi"
"WRATH MILE",17.99,23.86,32.63,"low roi"
"FEUD FROGMEN",29.99,39.75,32.54,"low roi"
"LUKE MUMMY",21.99,28.93,31.56,"low roi"
"NATURAL STOCK",24.99,32.87,31.53,"low roi"
"VOLCANO TEXAS",27.99,36.78,31.40,"low roi"
"CELEBRITY HORN",24.99,32.76,31.09,"low roi"
"CHRISTMAS MOONSHINE",21.99,28.79,30.92,"low roi"
"CHAINSAW UPTOWN",25.99,33.79,30.01,"low roi"
"LADYBUGS ARMAGEDDON",13.99,17.94,28.23,"low roi"
"GILBERT PELICAN",13.99,17.91,28.02,"low roi"
"LEATHERNECKS DWARFS",21.99,27.93,27.01,"low roi"
"MUSIC BOONDOCK",17.99,22.81,26.79,"low roi"
"MANNEQUIN WORST",18.99,23.95,26.12,"low roi"
"HAWK CHILL",12.99,15.93,22.63,"low roi"
"PHANTOM GLORY",17.99,21.94,21.96,"low roi"
"STAMPEDE DISTURBING",26.99,32.86,21.75,"low roi"
"BORROWERS BEDAZZLED",22.99,27.78,20.84,"low roi"
"MAGNOLIA FORRESTER",28.99,34.89,20.35,"low roi"
"CASSIDY WYOMING",19.99,23.94,19.76,"low roi"
"HOMEWARD CIDER",19.99,23.84,19.26,"low roi"
"ALTER VICTORY",27.99,32.78,17.11,"low roi"
"INFORMER DOUBLE",23.99,27.95,16.51,"low roi"
"DOCTOR GRAIL",29.99,34.93,16.47,"low roi"
"RESERVOIR ADAPTATION",29.99,34.90,16.37,"low roi"
"SONG HEDWIG",29.99,34.89,16.34,"low roi"
"EARTH VISION",29.99,34.77,15.94,"low roi"
"CRAFT OUTFIELD",17.99,20.84,15.84,"low roi"
"CHITTY LOCK",24.99,28.92,15.73,"low roi"
"MENAGERIE RUSHMORE",18.99,21.93,15.48,"low roi"
"CITIZEN SHREK",18.99,21.87,15.17,"low roi"
"EMPIRE MALKOVICH",26.99,30.79,14.08,"low roi"
"HUNTER ALTER",21.99,24.95,13.46,"low roi"
"BRAVEHEART HUMAN",14.99,16.95,13.08,"low roi"
"FULL FLATLINERS",14.99,16.95,13.08,"low roi"
"YOUTH KICK",14.99,16.94,13.01,"low roi"
"MOSQUITO ARMAGEDDON",22.99,25.85,12.44,"low roi"
"DECEIVER BETRAYED",22.99,25.79,12.18,"low roi"
"SAVANNAH TOWN",25.99,28.88,11.12,"low roi"
"CLEOPATRA DEVIL",26.99,29.83,10.52,"low roi"
"SORORITY QUEEN",17.99,19.88,10.51,"low roi"
"KANE EXORCIST",18.99,20.86,9.85,"low roi"
"BONNIE HOLOCAUST",29.99,32.84,9.50,"low roi"
"GATHERING CALENDAR",22.99,24.89,8.26,"low roi"
"CRAZY HOME",24.99,26.91,7.68,"low roi"
"GLORY TRACY",13.99,14.95,6.86,"low roi"
"DESPERATE TRAINSPOTTING",29.99,31.94,6.50,"low roi"
"ROOM ROMAN",27.99,29.80,6.47,"low roi"
"RANDOM GO",29.99,31.91,6.40,"low roi"
"GREEDY ROOTS",14.99,15.86,5.80,"low roi"
"RUSHMORE MERMAID",17.99,18.94,5.28,"low roi"
"HUNGER ROOF",21.99,22.87,4.00,"low roi"
"BED HIGHBALL",23.99,24.94,3.96,"low roi"
"DESIRE ALIEN",24.99,25.92,3.72,"low roi"
"DRAGON SQUAD",26.99,27.89,3.33,"low roi"
"SIDE ARK",28.99,29.88,3.07,"low roi"
"CANYON STOCK",26.99,27.81,3.04,"low roi"
"ROMAN PUNK",28.99,29.76,2.66,"low roi"
"PRIVATE DROP",26.99,26.95,-0.15,"low roi"
"HARDLY ROBBERS",15.99,15.96,-0.19,"low roi"
"BIRDCAGE CASPER",23.99,23.91,-0.33,"low roi"
"IMPACT ALADDIN",20.99,20.91,-0.38,"low roi"
"MYSTIC TRUMAN",19.99,19.90,-0.45,"low roi"
"SOUP WISDOM",12.99,12.92,-0.54,"low roi"
"LOVERBOY ATTACKS",19.99,19.88,-0.55,"low roi"
"BULL SHAWSHANK",21.99,21.84,-0.68,"low roi"
"HAPPINESS UNITED",23.99,22.94,-4.38,"low roi"
"SPIRITED CASUALTIES",20.99,19.89,-5.24,"low roi"
"FROGMEN BREAKING",17.99,16.90,-6.06,"low roi"
"VISION TORQUE",16.99,15.93,-6.24,"low roi"
"TRAIN BUNCH",26.99,24.96,-7.52,"low roi"
"DRACULA CRYSTAL",26.99,24.79,-8.15,"low roi"
"HAROLD FRENCH",10.99,9.92,-9.74,"low roi"
"HOLY TADPOLE",20.99,18.91,-9.91,"low roi"
"PRIDE ALAMO",20.99,18.84,-10.24,"low roi"
"MAGIC MALLRATS",19.99,17.93,-10.31,"low roi"
"CHAPLIN LICENSE",26.99,23.92,-11.37,"low roi"
"REEF SALUTE",26.99,23.89,-11.49,"low roi"
"BANG KWAI",25.99,22.93,-11.77,"low roi"
"NEWSIES STORY",25.99,22.93,-11.77,"low roi"
"BRIDE INTRIGUE",24.99,21.81,-12.73,"low roi"
"TOWERS HURRICANE",14.99,12.89,-14.01,"low roi"
"STREAK RIDGEMONT",28.99,24.84,-14.32,"low roi"
"TENENBAUMS COMMAND",24.99,20.87,-16.49,"low roi"
"VANISHED GARDEN",17.99,14.94,-16.95,"low roi"
"EVERYONE CRAFT",29.99,24.87,-17.07,"low roi"
"TOMATOES HELLFIGHTERS",23.99,19.86,-17.22,"low roi"
"PATIENT SISTER",29.99,24.81,-17.27,"low roi"
"LESSON CLEOPATRA",28.99,23.93,-17.45,"low roi"
"CROW GREASE",22.99,18.88,-17.88,"low roi"
"VIETNAM SMOOCHY",27.99,22.85,-18.36,"low roi"
"CLYDE THEORY",29.99,23.92,-20.24,"low roi"
"LICENSE WEEKEND",28.99,22.93,-20.90,"low roi"
"SMOOCHY CONTROL",18.99,14.88,-21.64,"low roi"
"DUMBO LUST",17.99,13.94,-22.51,"low roi"
"SPOILERS HELLFIGHTERS",26.99,20.90,-22.56,"low roi"
"BEDAZZLED MARRIED",21.99,16.87,-23.28,"low roi"
"EXTRAORDINARY CONQUERER",29.99,22.94,-23.51,"low roi"
"ARABIA DOGMA",29.99,22.87,-23.74,"low roi"
"HOOK CHARIOTS",23.99,17.87,-25.51,"low roi"
"JAWBREAKER BROOKLYN",15.99,11.90,-25.58,"low roi"
"SIEGE MADRE",23.99,17.85,-25.59,"low roi"
"LANGUAGE COWBOY",26.99,19.89,-26.31,"low roi"
"LEGEND JEDI",18.99,13.91,-26.75,"low roi"
"RUNAWAY TENENBAUMS",17.99,12.92,-28.18,"low roi"
"SILENCE KANE",23.99,16.84,-29.80,"low roi"
"SIMON NORTH",26.99,18.94,-29.83,"low roi"
"NOTTING SPEAKEASY",19.99,13.90,-30.47,"low roi"
"YOUNG LANGUAGE",9.99,6.93,-30.63,"low roi"
"LAWRENCE LOVE",23.99,15.87,-33.85,"low roi"
"SPIRIT FLINTSTONES",23.99,15.85,-33.93,"low roi"
"TREATMENT JEKYLL",19.99,12.93,-35.32,"low roi"
"VICTORY ACADEMY",19.99,12.91,-35.42,"low roi"
"SUPERFLY TRIP",27.99,17.90,-36.05,"low roi"
"WILD APOLLO",24.99,15.94,-36.21,"low roi"
"GHOSTBUSTERS ELF",18.99,11.91,-37.28,"low roi"
"BEETHOVEN EXORCIST",26.99,16.89,-37.42,"low roi"
"CONSPIRACY SPIRIT",27.99,16.95,-39.44,"low roi"
"BENEATH RUSH",27.99,16.90,-39.62,"low roi"
"MIXED DOORS",26.99,15.96,-40.87,"low roi"
"MAUDE MOD",20.99,11.92,-43.21,"low roi"
"RUNNER MADIGAN",27.99,14.92,-46.70,"low roi"
"SASSY PACKER",29.99,15.87,-47.08,"low roi"
"MONTEZUMA COMMAND",22.99,11.91,-48.19,"low roi"
"DUFFEL APOCALYPSE",13.99,6.93,-50.46,"low roi"
"WATERSHIP FRONTIER",28.99,13.94,-51.91,"low roi"
"HOLLYWOOD ANONYMOUS",29.99,13.87,-53.75,"low roi"
"LIGHTS DEER",21.99,9.92,-54.89,"low roi"
"SUNSET RACER",28.99,12.92,-55.43,"low roi"
"CONNECTION MICROCOSMOS",25.99,10.93,-57.95,"low roi"
"COMANCHEROS ENEMY",23.99,9.94,-58.57,"low roi"
"CLOCKWORK PARADISE",29.99,11.90,-60.32,"low roi"
"STALLION SUNDANCE",23.99,8.93,-62.78,"low roi"
"OKLAHOMA JUMANJI",15.99,5.94,-62.85,"low roi"
"BALLROOM MOCKINGBIRD",29.99,10.92,-63.59,"low roi"
"REBEL AIRPORT",24.99,7.92,-68.31,"low roi"
"JAPANESE RUN",29.99,7.94,-73.52,"low roi"
"CRUELTY UNFORGIVEN",29.99,7.93,-73.56,"low roi"
"TEXAS WATCH",22.99,5.94,-74.16,"low roi"
"FREEDOM CLEOPATRA",23.99,5.95,-75.20,"low roi"
